Fecha,Mercador,Pagador,Super Mercado,Barrio,Factura,Solo Brando,Solo Vane,Brando Paga Vane,Vane Paga Brando,Brando Suprise,burtbees,papel higenico,Cauzela,Cereal,Leche,Jugo,Higos,Mango,Kiwi,Pitahaya,papaya,Fresa,Piña,mixta,Galupa,Arandano,Uchuva,Pera nacional,Pera Verde,Manzana Granny,Manzana Royal,Manzana Mixta,Ciruela,Nectarin,Durazno,Plantano,Banano,Mandarina,Limon,Guanabana,Granadilla,Fruta,broccoli,esparragos,aguacate,vegetalesMixta,Habicuela,Champinon,Zanahoria,Tomate,TomateArbol,white onion,red onion,Pimentos,Brocoli,Berenjena,Calabacin,aguacate injert,aguacate hass,Ajo,Papa,Ensalada,Verdura,carne precessada,carne molida,vaca,pollo,tocino,cerdo,camaron,pescado,huevos,Carne,aveva,arroz,lentejas,frijoles,garbazos,Arepa,pasta,pasta sauce,Quesito,Cafe,TÉ,Cerveza,Papel HIgenico,Mercato,Cosa por el baño,Pastilla,Para la Casa,Bosas Plasticas,IVA,Factura Compartido   Con Amor
21-Oct-17,los_dos,Vane,Carulla,Envigado,98833.00,0.00,98833.00,,,,,,,,9600.00,,,,,,,,,,,,,,,,,,,,,,,,,,,,,,,,,,,,,,,,,,,,,,,,8610.00,,,,,,,,,,45170.00,,,,,,,,,,,,,,,25000.00,,,102.00,,0.00
21-Oct-18,Brando,Brando,Jumbo,Envigado,132338.00,12900.00,0.00,,,41790.00,,,,12900.00,,,,,,,,,,,,,,,,,,,,,,,,,,,,25061.00,,,,,,,,,,,,,,,,,,,,,4088.00,,,,,,,,,,,,,,,,10990.00,,,,,,,,,,,,51.00,,119438.00
21-Oct-18,Vane,Vane,Merka,Caldas,95926.00,0.00,19150.00,,,,,,,,,,,,,,,,,,,,,,,,,,,,,,,,,,,,,,,,,,,,,,,,,,,,,,,,2426.00,,,,,,,,,,,,,,,,,,,,21800.00,,,,14450.00,11600.00,,,50.00,,76776.00
21-Oct-21,Brando,Brando,Carulla,Envigado,81265.00,0.00,0.00,,,,,,,,9600.00,4590.00,,,,,,,,,,,,,,,,,,,,,,,,,,30211.00,,,,,,,,,,,,,,,,,,,,,,,,,,,,,,,,,,,,,19400.00,,,9400.00,,,,,,,,,,,81265.00
21-Oct-24,los_dos,Vane,Carulla,Envigado,113442.00,0.00,9400.00,17600.00,,,,,,,10400.00,,,,,,,,,,,,,,,,,,,,,,,,,,,,,,,,,,,,,,,,,,,,,,,,10821.00,,,,,,,,,,15519.00,,,,,,7400.00,,,9400.00,22600.00,27800.00,,,,,,,102.00,,104042.00
21-Oct-26,Brando,Brando,Jumbo,Envigado,171087.00,0.00,0.00,,,64437.00,,,,14915.00,7980.00,,,,,,,,,,,,,,,,,,,,,,,,,,,26565.00,,,,,,,,,,,,,,,,,,,,,9937.00,,,,,,,,,,,,,,,,,,,,,,,,,,,,102.00,,171087.00
21-Oct-29,Brando,Brando,Carulla,Envigado,84172.00,12900.00,0.00,,,,,,,,12900.00,,,,,,,,,,,,,,,,,,,,,,,,,,,5598.00,,,,,,,,,,,,,,,,,,,,,2603.00,,,,,,,,,,,,,,,,19120.00,,,4400.00,,,12900.00,,,,,,51.00,,71272.00
21-Oct-30,Brando,Brando,Jumbo,Envigado,129316.00,91980.00,0.00,,,,,,,3990.00,,,,,,,,,,,,,,,,,,,,,,,,,,,,3990.00,,,,,,,,,,,,,,,,,,,,,5727.00,,,,,,,,,,15439.00,,,,,,,,,,,,,,,,,,102.00,,37336.00
21-Nov-01,los_dos,Vane,Jumbo,Envigado,20000.00,0.00,0.00,,,,,,,,,,,,,,,,,,,,,,,,,,,,,,,,,,,,,,,,,,,,,,,,,,,,,,,,,,,,,,,,,,,,,,,,,,,,,,,,,,,20000.00,0.00,,20000.00
21-Nov-01,los_dos,Vane,Jumbo,Envigado,90550.00,0.00,22990.00,,,,,,,12990.00,,,,,,,,,,,,,,,,,,,,,,,,,,,,10918.00,,,,,,,,,,,,,,,,,,,,,,,,,,,,,,,,,,,,,,,,,,,,,,,,,102.00,,67560.00
21-Nov-03,Brando,Brando,Carulla,Envigado,60351.00,0.00,0.00,,,,,,,,17900.00,,,,,,,,,,,,,,,,,,,,,,,,,,,6500.00,,,,,,,,,,,,,,,,,,,,,,,,,,,,,,,,,,,,,10000.00,,,4800.00,,,,,,,,,51.00,,60351.00
21-Nov-04,Brando,Brando,Jumbo,Envigado,192208.00,15844.00,0.00,,,41557.00,,,,20990.00,,,,,,,,,,,,,,,,,,,,,,,,,,,,54597.00,,,,,,,,,,,,,,,,,,,,,7831.00,,,,,,,,,,,,,,,,,,,,,,38740.00,,,11590.00,,71990.00,103.00,,176364.00
21-Nov-04,los_dos,Brando,Jumbo,Envigado,37071.00,0.00,0.00,,,,,,20392.00,,,,,,,,,,,,,,,,,,,,,,,,,,,,,,,,,,,,,,,,,,,,,,,,,,,,,,,,,,,,12040.00,,,,,,,,,,,,,,15480.00,,,,51.00,,37071.00
21-Nov-06,Brando,Brando,Carulla,Envigado,39285.00,0.00,0.00,,,,,,1815.00,,7500.00,3770.00,,,,,,,,,,,,,,,,,,,,,,,,,,,,,,,,,,,,,,,,,,,,,,,1815.00,,,,,,,,,,,,,,,,,,,8600.00,,,,,,,,,,,39285.00
21-Nov-07,los_dos,Brando,Carulla,Envigado,47851.00,0.00,0.00,,,,,,,,,,,,,,,,,,,,,,,,,,,,,,,,,,,,,,,,,,,,,,,,,,,,,,,,,,,,,,,,,,,,,,,,,,,,27000.00,,,,18700.00,,,2100.00,51.00,,47851.00
21-Nov-09,Brando,Brando,Jumbo,Envigado,30421.00,0.00,0.00,,,,,,,26200.00,3880.00,,,,,,,,,,,,,,,,,,,,,,,,,,,,,,,,,,,,,,,,,,,,,,,,,,,,,,,,,,,,,,,,,,,,,,,,,,,,51.00,,30421.00
21-Nov-12,Brando,Brando,Carulla,Envigado,96321.00,0.00,0.00,,,,,,,,10000.00,11580.00,,,,,,,,,,,,,,,,,,,,,,,,,,12267.00,,,,,,,,,,,,,,,,,,,,,2623.00,,,,,,,,,,,,,,,,19800.00,,,13000.00,27000.00,,,,,,,,51.00,,96321.00
21-Nov-14,Vane,Vane,Jumbo,Envigado,90598.00,0.00,6990.00,,,,,,,,,,,,,,,,,,,,,,,,,,,,,,,,,,,5511.00,,,,,,,,,,,,,,,,,,,,,5211.00,,,,,,,,,,21416.00,,,,,,6990.00,,,,,,,,,,,,204.00,,83608.00
21-Nov-15,Brando,Brando,Carulla,Envigado,34100.00,0.00,0.00,,,,,,,,7800.00,,,,,,,,,,,,,,,,,,,,,,,,,,,6900.00,,,,,,,,,,,,,,,,,,,,,,,,,,,,,,,,,,,,,5400.00,,,4700.00,,,,,,,,9300.00,,,34100.00
21-Nov-16,Brando,Brando,Jumbo,Envigado,85703.00,0.00,0.00,,,47933.00,,,,33980.00,3790.00,,,,,,,,,,,,,,,,,,,,,,,,,,,20990.00,,,,,,,,,,,,,,,,,,,,,11863.00,,,,,,,,,,,,,,,,,,,,,,,,,,,,,,85703.00
21-Nov-19,Brando,Brando,Jumbo,Envigado,91885.00,0.00,0.00,,,,,,,20780.00,15160.00,,,,,,,,,,,,,,,,,,,,,,,,,,,14325.00,,,,,,,,,,,,,,,,,,,,,2131.00,,,,,,,,,,,,,,,,,,,,21980.00,23590.00,,,,,,,153.00,,91885.00
21-Nov-24,Brando,Brando,Jumbo,Envigado,169714.00,0.00,0.00,,,62673.00,,,,33580.00,15960.00,,,,,,,,,,,,,,,,,,,,,,,,,,,14998.00,,,,,,,,,,,,,,,,,,,,,13223.00,,,,,,,,,,,,,,,,25170.00,,,,8390.00,,,,,,,,153.00,,169714.00
21-Nov-28,los_dos,Vane,Jumbo,Envigado,47401.00,0.00,0.00,,,,,,,,,,,,,,,,,,,,,,,,,,,,,,,,,,,,,,,,,,,,,,,,,,,,,,,,7900.00,,,,,,,,,,40400.00,,,,,,,,,,,,,,,,,,,,47401.00
21-Nov-29,Brando,Brando,Jumbo,Envigado,94519.00,9900.00,0.00,,,,,,,21980.00,21990.00,8590.00,,,,,,,,,,,,,,,,,,,,,,,,,,10331.00,,,,,,,,,,,,,,,,,,,,,,,,,,,,,,,,,,,,,19980.00,,,7990.00,,,,,,,,,51.00,,84619.00
21-Dec-02,los_dos,Brando,Jumbo,Envigado,131039.00,0.00,0.00,,,,,,,9990.00,,,,,,,,,,,,,,,,,,,,,,,,,,,,,,,,,,,,,,,,,,,,,,,,,2136.00,,,,,,,,,,21681.00,,,,,,11180.00,,,,,,,,,,,,102.00,,131039.00
21-Dec-05,Brando,Brando,Turbo,Envigado,49676.00,9310.00,0.00,,,,,,,,,,,,,,,,,,,,,,,,,,,,,,,,,,,,,,,,,,,,,,,,,,,,,,,,966.00,,,,,,,,,,,,,,,,,,,,,,,,,28400.00,,11000.00,,,40366.00
21-Dec-06,Brando,Brando,Jumbo,Envigado,97002.00,12990.00,0.00,,,,,,,25980.00,23590.00,,,,,,,,,,,,,,,,,,,,,,,,,,,26011.00,,,,,,,,,,,,,,,,,,,,,,,,,,,,,,,,,,,,,,,,4590.00,16780.00,,,,,,,,51.00,,84012.00
21-Dec-08,los_dos,Brando,Jumbo,Envigado,126724.00,0.00,8990.00,,,,,,,,,,,,,,,,,,,,,,,,,,,,,,,,,,,,,,,,,,,,,,,,,,,,,,,,,,,,,,,,,,,,,,,,19980.00,,,,,,,,43580.00,,,53970.00,204.00,,117734.00
21-Dec-13,los_dos,Brando,Jumbo,Envigado,147183.00,0.00,0.00,,,,,,25607.00,9990.00,21790.00,,,,,,,,,,,,,,,,,,,,,,,,,,,37361.00,,,,,,,,,,,,,,,,,,,,,3847.00,,,,,,,,,,,,,,,,20170.00,,,16380.00,,,,,6990.00,,,,,,147183.00
21-Dec-17,Brando,Brando,Jumbo,Envigado,115547.00,0.00,0.00,,,,,,,21980.00,23590.00,,,,,,,,,,,,,,,,,,,,,,,,,,,41113.00,,,,,,,,,,,,,,,,,,,,,4038.00,,,,,,,,,,,,,,,,13580.00,,,4590.00,,,,,,,,,204.00,,115547.00
21-Dec-18,los_dos,Brando,Jumbo,Envigado,65450.00,0.00,0.00,,,,,,42912.00,,,,,,,,,,,,,,,,,,,,,,,,,,,,,,,,,,,,,,,,,,,,,,,,,,13812.00,,,,,,,,,,12840.00,,,,,,,,,,8390.00,,,,,,,,51.00,,65450.00
21-Dec-24,los_dos,Brando,Jumbo,Envigado,276667.00,83120.00,0.00,,143367.00,,,,,,,,,,,,,,,,,,,,,,,,,,,,,,,,,10407.00,,,,,,,,,,,,,,,,,,,,,25883.00,,,,,,,,,,,,,,,,,,,,,,,,,,,,153.00,,50180.00
21-Dec-24,Brando,Brando,Jumbo,Envigado,231957.00,0.00,0.00,,10590.00,64580.00,,,,,,,,,,,,,,,,,,,,,,,,,,,,,,,,45452.00,,,,,,,,,,,,,,,,,,,,,13650.00,,,,,,,,,,24518.00,,,,,,27290.00,,,4590.00,8390.00,23590.00,,,,,,,204.00,,221367.00
21-Dec-26,los_dos,Brando,Jumbo,Envigado,31951.00,0.00,0.00,,,,,,,,,,,,,,,,,,,,,,,,,,,,,,,,,,,,,,,,,,,,,,,,,,,,,,,,,,,,,,,,,,,,,,,,,,,,,,,,,,,,,,31951.00
21-Dec-27,Brando,Brando,Jumbo,Envigado,23590.00,0.00,0.00,,,,,,,,23590.00,,,,,,,,,,,,,,,,,,,,,,,,,,,,,,,,,,,,,,,,,,,,,,,,,,,,,,,,,,,,,,,,,,,,,,,,,,,,0.00,,23590.00
21-Dec-30,Brando,Brando,Jumbo,Envigado,219962.00,0.00,0.00,,,,,,61397.00,28980.00,23590.00,,,,,,,,,,,,,,,,,,,,,,,,,,,49610.00,,,,,,,,,,,,,,,,,,,,,16950.00,,,,,,,,,,34469.00,,,,,,31160.00,,,8190.00,16780.00,,,,,,,,255.00,,219962.00
22-Jan-04,Brando,Brando,Jumbo,Envigado,143850.00,0.00,0.00,,,,,,14888.00,,23590.00,,,,,,,,,,,,,,,,,,,,,,,,,,,4682.00,,,,,,,,,,,,,,,,,,,,,2201.00,,,,,,,,,,,,,,,,16580.00,,,,,,,,,,,,159.00,,143850.00
22-Jan-07,Brando,Brando,Jumbo,Envigado,181405.00,19990.00,0.00,,,30666.00,,,,12990.00,,,,,,,,,,,,,,,,,,,,,,,,,,,,20168.00,,,,,,,,,,,,,,,,,,,,,6456.00,,,,,,,,,,24210.00,,,,,,19980.00,,,16380.00,8390.00,23590.00,,,,,,,0.00,,161415.00
22-Jan-10,Vane,Vane,Jumbo,Envigado,147563.00,0.00,0.00,,,,,,,,7380.00,,,,,,,,,,,,,,,,,,,,,,,,,,,13987.00,,,,,,,,,,,,,,,,,,,,,5343.00,,,,,,,,,,47298.00,,,,,,,,,,,,,,7590.00,13790.00,,,0.00,,147563.00
22-Jan-10,Vane,Vane,DeUno,Envigado,24560.00,0.00,0.00,,,,,,,,,,,,,,,,,,,,,,,,,,,,,,,,,,,,,,,,,,,,,,,,,,,,,,,,,,,,,,,,,,,,,,,,,,,,,,,,,,,24560.00,4380.00,,24560.00
22-Jan-13,Brando,Brando,Jumbo,Envigado,181161.00,0.00,0.00,,,,,,,15990.00,23590.00,,,,,,,,,,,,,,,,,,,,,,,,,,,50949.00,,,,,,,,,,,,,,,,,,,,,15932.00,,,,,,,,,,,,,,,,35560.00,,,12780.00,8390.00,,,,8180.00,,,,0.00,,181161.00
22-Jan-20,Brando,Brando,Jumbo,Envigado,110000.00,0.00,0.00,,,,,,,12990.00,23590.00,,,,,,,,,,,,,,,,,,,,,,,,,,,30816.00,,,,,,,,,,,,,,,,,,,,,6096.00,,,,,,,,,,,,,,,,,,,12780.00,,,,,,7190.00,,9590.00,0.00,,110000.00
22-Jan-22,los_dos,Brando,MerkaCaldas,Caldas,94812.00,0.00,0.00,,,,,,19715.00,18051.00,,,,,,,,,,,,,,,,,,,,,,,,,,,,5346.00,,,,,,,,,,,,,,,,,,,,,12681.00,,,,,,,,,,11030.00,,,,,,,,,,,,15960.00,,16300.00,,,3400.00,200.00,,94812.00
22-Jan-24,Vane,Vane,Carulla,Envigado,34153.00,0.00,0.00,,,,,,,,,,,,,,,,,,,,,,,,,,,,,,,,,,,7500.00,,,,,,,,,,,,,,,,,,,,,5800.00,,,,,,,,,,,,,,,,,,,,,,,,,,,7800.00,53.00,,34153.00
22-Jan-27,Brando,Brando,Jumbo,Envigado,115514.00,0.00,0.00,,,,,,,,23950.00,,,,,,,,,,,,,,,,,,,,,,,,,,,41811.00,,,,,,,,,,,,,,,,,,,,,1063.00,,,,,,,,,,,,,,,,27880.00,,,8190.00,12890.00,,,,,,,,0.00,,115514.00
22-Jan-29,Vane,Vane,Jumbo,Envigado,130951.00,0.00,0.00,,,,,,,,,,,,,,,,,,,,,,,,,,,,,,,,,,,9000.00,,,,,,,,,,,,,,,,,,,,,3000.00,,,,,,,,,,30000.00,,,,,,,,,,,,,,,,,,,,130951.00
22-Feb-02,Brando,Brando,Jumbo,Envigado,154752.00,23590.00,0.00,,,,,,,15990.00,23590.00,,,,,,,,,,,,,,,,,,,,,,,,,,,51328.00,,,,,,,,,,,,,,,,,,,,,5014.00,,,,,,,,,,,,,,,,27370.00,,,9180.00,12890.00,,,,,,,,,,131162.00
22-Feb-06,Vane,Vane,Jumbo,Envigado,115072.00,0.00,0.00,,,,,,71650.00,,,,,,,,,,,,,,,,,,,,,,1948.00,,1975.00,,,,3869.00,7792.00,,,,,,,,,,,,,,,,,,,13550.00,10500.00,24050.00,,,,,,,,,,47600.00,,,,,,,,,,,,,,13280.00,22990.00,,,,,115072.00
22-Feb-08,Brando,Brando,Jumbo,Envigado,114750.00,23590.00,0.00,,,,,,,12990.00,23590.00,,,,,,,,,,,20990.00,,,,4137.00,2576.00,,,,,,3688.00,,,,,10401.00,,,,,,,,,,,,,,,,,,,,,0.00,,,,,,,,,,,,,,,,25894.00,,,12780.00,,,,,,,,,,,91160.00
22-Feb-14,Brando,Brando,Jumbo,Envigado,170450.00,23590.00,0.00,,,29849.00,,,,,23590.00,,,,3582.00,9672.00,,,,,,,,,,4193.00,,,,8993.00,,,,,,,3414.00,29854.00,,,,,,6390.00,,3094.00,,1352.00,1275.00,671.00,,,1268.00,,,,,,14050.00,,,,,,,,,,20267.00,,,,,,30170.00,,,,25780.00,23590.00,,,,,,,,,146860.00
22-Feb-17,Brando,Brando,Jumbo,Envigado,89711.00,0.00,0.00,,,,,,,12990.00,,,1478.00,,,,,,,,,20990.00,,,,,,,5475.00,,1568.00,,,,,,3414.00,32925.00,,,,,,,,1291.00,,,1581.00,,,,,,,,13550.00,,16422.00,,,,,,,,,,,,,,,,24380.00,,,,,,,,,,,,,,89711.00
22-Feb-19,Vane,Vane,DeUno,Envigado,61490.00,0.00,0.00,,,,,,,,,,,,,,,,,,,,,,,,,,,,,,,,,,,0.00,,,,,,,,,,,,,,,,,,,,,0.00,,,,,,,,,,26980.00,,,,,,,,,,,,,,,,,2590.00,,,61490.00
22-Feb-19,Vane,Vane,Jumbo,Envigado,42163.00,0.00,0.00,,,,,,,,,,,1641.00,,,,4990.00,,,,,,,,,,,,,,,1716.00,,,,,8347.00,,,,,,,,,,,,,,,,,,,,15900.00,15900.00,,,,,,,,,,,,,,,,,,,,,,,,11270.00,,,,,,42163.00
22-Feb-24,Brando,Brando,Jumbo,Envigado,223000.00,51365.00,0.00,,,,,,51959.00,12990.00,24390.00,,2463.00,3901.00,,,,,,,,,,,,,,,5475.00,,2233.00,2714.00,,,,,4063.00,20849.00,,,,,,,861.00,3020.00,,3906.00,,,,,,1536.00,4370.00,,13500.00,,27193.00,,,,,,,,,,21683.00,,,,,,30370.00,,,18380.00,28780.00,,,,,,,,,,171635.00
22-Mar-01,Brando,Brando,Jumbo,Envigado,112550.00,0.00,0.00,,,,,,,12990.00,24390.00,,,2367.00,,,,,,,,,,,6891.00,,,,6023.00,5426.00,,,2735.00,5240.00,,,3750.00,32432.00,,,,,,,,,,,,,,,,,,,,,0.00,,,,,,,,,,,,,,,,11390.00,,,,14390.00,,,,,,,,,,112550.00
22-Mar-01,Brando,Brando,MercadoLibre,Colombia,162000.00,0.00,0.00,,,,,,,,,,,,,,,,,,,,,,,,,,,,,,,,,,,0.00,,,,,,,,,,,,,,,,,,,,,0.00,,,,,,,,,,,,,,,,,,,,,,,,,,,,,,162000.00
22-Mar-06,Brando,Brando,Jumbo,Envigado,273562.00,24390.00,0.00,,,76581.00,,,,,24390.00,,,,,,,,,,,22990.00,,,,,,,8103.00,,,,1813.00,,,,9968.00,42874.00,,,,,,6990.00,882.00,4455.00,,4101.00,,1281.00,,,2009.00,,,,,,19718.00,,,,,,,,,,43890.00,,,,,,41760.00,,,18380.00,14390.00,,,,,,,,,,249172.00
22-Mar-11,Vane,Vane,Jumbo,Envigado,144286.00,0.00,0.00,,,,,,45130.00,7790.00,,,,5541.00,,,,,,,,,,,,,,,,,3990.00,,2663.00,,,,,12194.00,,,,12390.00,,,,3229.00,,,,976.00,,,,,,,,,16595.00,,,,,,,,,,32344.00,,,,,,,,,,,25390.00,,,24270.00,,,,,,144286.00
22-Mar-15,Brando,Brando,Jumbo,Envigado,181162.00,24390.00,0.00,,,,,,,12990.00,24390.00,,1576.00,,2985.00,,,,,,,22990.00,,,2877.00,,,,,5814.00,1853.00,,3150.00,,,,11205.00,52450.00,,,,,,,,4694.00,,2316.00,,,,,,,,,,,7010.00,,,,,,,,,,,,,,,,33570.00,,,9190.00,28780.00,,,,,,,,,,156772.00
22-Mar-19,Vane,Vane,Jumbo,Envigado,101432.00,0.00,0.00,,,,,,51852.00,,,,,,,,,7990.00,,,,,,,,,,,,,,,2525.00,,,,,10515.00,,,,,,6990.00,2768.00,2013.00,,,,1756.00,,,,,,,13900.00,,27427.00,,,,,,,,,,,,,,,,,,,,,,,,27560.00,,,,,,101432.00
22-Mar-20,Vane,Vane,Jumbo,Envigado,147490.00,0.00,0.00,,,,,,,,,,,,,,,,,,,,,,,,,,,,,,,,,,,0.00,,,,,,,,,,,,,,,,,,,,,0.00,,,,,,,,,,,,,,,,,,,,,,,,,22990.00,,,,,147490.00
22-Mar-21,Brando,Brando,Jumbo,Envigado,145070.00,24590.00,0.00,,,,,,,28980.00,24590.00,,,,,,,,,,,22990.00,4890.00,,,7899.00,,,,,,,,,,,4005.00,39784.00,,,,,,,,2227.00,,1239.00,,,,,,,,,,,3466.00,,,,,,,,,,,,,,,,29070.00,,,9190.00,,,,,,,,,,,120480.00
22-Mar-23,Brando,Brando,Jumbo,Envigado,114365.00,8980.00,,,,60425.00,,,,,8980.00,,,,,,,,,,,,,,,,,,,,,,,,,,,0.00,,,,,2133.00,,738.00,1769.00,,,1454.00,,,,1755.00,,,,,,7849.00,,,,,,,,,,27606.00,,,,,,8590.00,,,,28780.00,,,,7590.00,,,,,,105385.00
22-Mar-26,los_dos,Brando,SuperSabaneta,Sabaneta,41778.00,0.00,0.00,,,,,,,,,,,2050.00,3383.00,,,,,,,,,,,2400.00,2100.00,,,,2045.00,,,,,,12145.00,24123.00,,,,,,,,,1771.00,,,,,,,,,,2231.00,,4002.00,,,,,,,,,,,,,,,,,,,,,,,,,,,,53.00,,41778.00
22-Mar-27,Vane,Vane,Jumbo,Envigado,95225.00,0.00,0.00,,,,,,,,,,,2828.00,,,,,,,,,,,,,,,,,,,,,,,,2828.00,,,,,,,,,,,,,,,,,,,,,0.00,,,,,,,,,,,,,,,,24760.00,,,9590.00,,,,,7280.00,14990.00,,6990.00,6990.00,,95225.00
22-Mar-29,Brando,Brando,Jumbo,Envigado,100436.00,33570.00,0.00,,,,,,,12990.00,33570.00,,,,,,,,,,,22990.00,,4655.00,,,5033.00,,4928.00,,,,2350.00,,,,,39956.00,,,,,,,,,,,,,,,,,,,,,0.00,,,,,,,,,,,,,,,,,,,,14390.00,,,,,,,,,,66866.00
22-Apr-04,Vane,Vane,Jumbo,Envigado,146384.00,0.00,0.00,,,,,,104139.00,,,,,2622.00,6368.00,,,,,,,,,,5272.00,,,,,,,,2818.00,,,,6148.00,23228.00,,,,,,,410.00,2599.00,,,,,,,,4988.00,,,2257.00,5900.00,16154.00,,,,,,,,,,62513.00,,,,,,,,,9590.00,,,,,21980.00,,,,,,146384.00
22-Apr-04,Vane,Vane,Jumbo,Envigado,52623.00,0.00,47180.00,,,,,,,,,,,2657.00,,,,,,,,,,,,,,,,,,,,,,,,2657.00,,,,,,,,,,,,,,,,,,,,,0.00,,,,,,,,,,,,,,,,,,,,,,,,7990.00,,,,,,5443.00
22-Apr-06,Brando,Brando,Jumbo,Envigado,194018.00,29080.00,0.00,,,,,,,28980.00,29080.00,,1182.00,2860.00,,,,,,,,,,,,,,,,5426.00,,,,,,,11309.00,20777.00,,,,,,,,1734.00,,3452.00,,,,,,,,,3875.00,,9061.00,,,,,,,,,,,,,,,,24770.00,,,,14390.00,,,,,,,,,,164938.00
22-Apr-10,Vane,Vane,Euro,Envigado,42146.00,0.00,0.00,,,,,,,,,,,2400.00,,,,,,,,,,,,,,,,,,496.00,,,2400.00,,,5296.00,,,,,,,,,,,,,,,,,,,11733.00,6500.00,18233.00,,,,,,,,,,9470.00,,,,,,,,,7110.00,,,,,,,,,53.00,,42146.00
22-Apr-17,los_dos,Vane,Euro,Envigado,181776.00,0.00,0.00,,,,,,,15220.00,4920.00,,,,,12337.00,,,,,,22900.00,,,,,,,,,,,,,,9570.00,,44807.00,,,,,,6700.00,904.00,,,,,1210.00,1739.00,,1931.00,,,1192.00,,,13676.00,,,,,,,,,,,,,,,,11530.00,,,7110.00,25460.00,,,,,,,,,,181776.00
22-Apr-17,Vane,Vane,DeUno,Envigado,24667.00,0.00,0.00,,,,,,,,,,,,,,,,,,,,,,,,,,,,,,,,,,,0.00,,,,,,,,,,,,,,,,,,,,,0.00,,,,,,,,,,20200.00,,,,,,,,,,,,,,,,,,,,24667.00
22-Apr-19,Brando,Brando,Euro,Envigado,107021.00,33570.00,0.00,,,,,,,12990.00,33570.00,,,,,,,,,,,,,,,,5650.00,,,,,,3767.00,,,,12684.00,22101.00,,,,,,,,,,,,,,,,,,,,,0.00,,,,,,,,,,,,,,,,21180.00,,,7190.00,,,,,,,,,,,73451.00
22-Apr-26,Vane,Vane,Euro,Envigado,74635.00,0.00,0.00,,,,,,,,,,,,,,,,,,,,,,,,,,,,2185.00,,2660.00,,,,4560.00,9405.00,,,,,,,,,,,,,,,,,,,,,0.00,,,,,,,,,,,,,,,,29060.00,,,7190.00,,,,,,,,,,,74635.00
22-Apr-28,Brando,Brando,Jumbo,Envigado,175544.00,56560.00,0.00,,,30911.00,,,,12990.00,33570.00,,,,,,,,,,,,,,,,,24830.00,,,,,1471.00,,,,,26301.00,,,,,,,,,,,,,,,,,,,,,0.00,,,,,,,,,,27073.00,,,,,,,,,,23180.00,25390.00,,,,,,,212.00,,118984.00
22-May-04,Brando,Brando,Jumbo,Envigado,187106.00,56560.00,0.00,,,33488.00,,,,12990.00,33570.00,,,,8458.00,,,,,,,,,,,,,,6680.00,,,,,,,,,15138.00,,,,,,,800.00,2170.00,,,1157.00,1037.00,,,1435.00,,,,,,6599.00,,,,,,,,,,26698.00,,,,,,27770.00,,,,23180.00,,,,,,,,,,130546.00
22-May-05,Vane,Vane,DeUno,Envigado,30590.00,0.00,0.00,,,,,,,,,,,,,,,,,,,,,,,,,,,,,,,,,,,0.00,,,,,,,,,,,,,,,,,,,9490.00,,9490.00,,,,,,,,,,,,,,,,,,,,,,,,,7490.00,,6840.00,3780.00,,30590.00
22-May-08,Vane,Vane,Jumbo,Envigado,148970.00,0.00,46930.00,,,,,,,,,,,,,,,,,,,,,,,,,,,,,,,,,,,0.00,,,,,,,,,,,,,,,,,,,,,0.00,,,,,,,,,,,,,,,,,,,,,,,,,,,,,,102040.00
22-May-10,Brando,Brando,Jumbo,Envigado,109010.00,59280.00,0.00,,,,,,,,,,,,,,,,,,,,,,,,,,7775.00,,,,1809.00,,,,8293.00,17877.00,,,,,,,,,,,,,,,,,,,,,0.00,,,,,,,,,,,,,,,,24770.00,,,6590.00,,,,,,,,,440.00,,49730.00
22-May-14,Brando,Brando,Brisas,La Estrella,43000.00,0.00,0.00,,,,,,,,,,,,,,,,,,,,,,,,,,,,,,,,,,,0.00,,,,,,,,,,,,,,,,,,,,,0.00,,,,,,,,,,,,,,,,12000.00,,,6590.00,,,,,,18000.00,,,,,43000.00
22-May-15,los_dos,Vane,Vaquita,Caldas,104796.00,0.00,0.00,,,30945.00,,,,,,,,,2180.00,,,,,,,,,,,3859.00,,,,,,,,,,,,6039.00,,,,2940.00,,7340.00,630.00,2398.00,,2253.00,,2865.00,,,1839.00,,,,8300.00,,28565.00,,,,,,,,,,10680.00,,,,,,8175.00,,,,,,,,,,,,106.00,,104796.00
22-May-15,los_dos,Brando,faramacia,Caldas,117000.00,40000.00,0.00,,,,,,,,,,,,,,,,,,,,,,,,,,,,,,,,,,,0.00,,,,,,,,,,,,,,,,,,,,,0.00,,,,,,,,,,,,,,,,,,,,,,,,,20000.00,,21400.00,,,77000.00
22-May-16,Vane,Vane,MercadoLibre,Colombia,133000.00,0.00,0.00,,,,,,,,,,,,,,,,,,,,,,,,,,,,,,,,,,,0.00,,,,,,,,,,,,,,,,,,,,,0.00,,,,,,,,,,,,,,,,,,,,,,,,,,,133000.00,,,133000.00
22-May-16,Brando,Brando,Brisas,La Estrella,19400.00,4600.00,0.00,,,,,,8000.00,,4600.00,,,,,,,,,,,,,,,,,,,,,,,,,,,0.00,,,,,,,,,,,,,,,,,,,,,0.00,,,,,,,,,,,,,,,,4500.00,,,,,,,,,,,,100.00,,14800.00
22-May-16,Vane,Vane,HandyMan,La Estrella,240000.00,0.00,0.00,,,,,,,,,,,,,,,,,,,,,,,,,,,,,,,,,,,0.00,,,,,,,,,,,,,,,,,,,,,0.00,,,,,,,,,,,,,,,,,,,,,,,,,,,240000.00,,,240000.00
22-May-17,Brando,Brando,TuSuper,La Estrella,53314.00,7000.00,0.00,,,1900.00,,,,27200.00,7000.00,,,,,6660.00,,,,,1200.00,,,,,,,,,,,,,,,,,7860.00,,,,,,,,878.00,,976.00,,,,,,,,,,,1854.00,,,,,,,,,,,,,,,,,,,6500.00,,,,,,,,,,,46314.00
22-May-20,Brando,Brando,Brisas,La Estrella,11500.00,0.00,0.00,,,,,,,,,,,,,,,,,,,,,,,,,,,,,,,,,,,0.00,,,,,,,,,,,,,,,,,,,,,0.00,,,,,,,,,,,,,,,,4500.00,,,7000.00,,,,,,,,,,,11500.00
22-May-22,Brando,Brando,TuSuper,La Estrella,85000.00,38100.00,0.00,,,,,,,,38100.00,,,1134.00,,7496.00,,,,,,,,,3200.00,1700.00,1850.00,,,,,,1788.00,,,,1850.00,19018.00,,,,,,,,,,,,,,,,,,,,,0.00,,,,,,,,,,4200.00,,,,,,,,,,,,,,,,,,,,46900.00
22-May-25,Brando,Brando,Brisas,La Estrella,13300.00,0.00,0.00,,,,,,,,,,,,,,,,,,,,,,,,,,,,,,,,,,,0.00,,,,,,,,,,,,,,,,,,,,,0.00,,,,,,,,,,,,,,,,6300.00,,,7000.00,,,,,,,,,,,13300.00
22-May-26,Brando,Brando,TuSuper,La Estrella,125591.00,26100.00,0.00,,,,,,,,26100.00,,,1386.00,,3793.00,,,,,,,,,3200.00,3400.00,,,,,,,3444.00,,,,2968.00,18191.00,,,,,,,,,,,,,,,,,,,,,0.00,,,,,,,,,,,,,,,,,,,,62100.00,,,,8300.00,2700.00,,,,,99491.00
22-May-27,Vane,Vane,MercadoLibre,Colombia,40000.00,0.00,0.00,,,,,,,,,,,,,,,,,,,,,,,,,,,,,,,,,,,0.00,,,,,,,,,,,,,,,,,,,,,0.00,,,,,,,,,,,,,,,,,,,,,,,,,,,40000.00,,,40000.00
22-May-27,Brando,Brando,MerkePaisa,La Estrella,82073.00,0.00,0.00,,,,,,,19900.00,,,,,5175.00,,,,,,,,,,,,,,,2782.00,,,,4719.00,,,,12676.00,,,,,,6180.00,780.00,1480.00,,2698.00,,1911.00,,,2133.00,,,,,,15182.00,,,,,,,,,,27683.00,,,,,,,,,,,,,,,,,,,,82073.00
22-May-28,Brando,Brando,HomeCenter,Envigado,366400.00,0.00,0.00,,,,,,,,,,,,,,,,,,,,,,,,,,,,,,,,,,,0.00,,,,,,,,,,,,,,,,,,,,,0.00,,,,,,,,,,,,,,,,,,,,,,,,,,,366400.00,2900.00,,366400.00
22-May-28,Brando,Brando,HomeCenter,Envigado,53800.00,0.00,0.00,,,,,,,,,,,,,,,,,,,,,,,,,,,,,,,,,,,0.00,,,,,,,,,,,,,,,,,,,,,0.00,,,,,,,,,,,,,,,,,,,,,,,,,,,53800.00,,,53800.00
22-May-28,Brando,Brando,Abundacia,La Estrella,7602.00,0.00,0.00,,,,,,,,,3000.00,,,,,,,,,,,,,,,,,,,,,,,,3000.00,,3000.00,,,,,,,,,,,,,,,,,,,,,0.00,,,,,,,,,,,,,,,,,,,,,,,,3050.00,,,1499.00,53.00,,7602.00
22-May-30,Vane,Vane,Brisas,La Estrella,32900.00,0.00,11000.00,,,,,,,,,,,,,,,,,,,,,,,,,,,,,,,,,,,0.00,,,,,,,,,,,,,,,,,,,,,0.00,,,,,,,,,,,,,,,,4500.00,,,7000.00,,,,,,,,10000.00,,,21900.00
22-Jun-01,Brando,Brando,TuSuper,La Estrella,32602.00,11400.00,0.00,,,,,,,,11400.00,,,,,,,,,,,,,,1593.00,,,,,,,,2532.00,,,,,4125.00,,,,,504.00,4600.00,713.00,,,870.00,,,,1593.00,870.00,,,,,,9150.00,,,,,,,,,,,,,,,,,,,,,,,,,,,,,,21202.00
22-Jun-01,Brando,Brando,Brisas,La Estrella,18700.00,0.00,0.00,,,,,,,,,,,,,,,,,,,,,,,,,,,,,,,,,,,0.00,,,,,,,,,,,,,,,,,,,,,0.00,,,,,,,,,,,,,,,,4700.00,,,14000.00,,,,,,,,,,,18700.00
22-Jun-03,Brando,Brando,MerkePaisa,La Estrella,104607.00,23900.00,0.00,,,,,,,30750.00,23900.00,,,,3208.00,7082.00,,,,,,8210.00,,,4023.00,4032.00,1808.00,,5796.00,,2117.00,,3763.00,,,,,40039.00,,,,,,,,,,,,,,,,,,,,,0.00,,,,,,,,,,,,,,,,,,,,,,,,,,,,,,80707.00
22-Jun-06,Brando,Brando,Brisas,La Estrella,29900.00,0.00,0.00,,,,,,,,,,,,,,,,,,,,,,,,,,,,,,,,,,,0.00,,,,,,,,,,,,,,,,,,,,,0.00,,,,,,,,,,,,,,,,11900.00,,,7000.00,,,,,11000.00,,,,,,29900.00
22-Jun-07,Brando,Brando,Brisas,La Estrella,25275.00,0.00,0.00,,,,,,,,,,,,,,,,,,,,,,,,,,,,,,2875.00,,,,,2875.00,,,,,,,,,,,,,,,,,,,,,0.00,,,,,,,,,,,,,,,,9400.00,,,7000.00,,,,,,,,,,,25275.00
22-Jun-08,Brando,Brando,TuSuper,La Estrella,67920.00,0.00,0.00,,,,,,8598.00,16600.00,,,,2898.00,,,,,,,,,,,,,,,,,,,,,,,,2898.00,,,,,,,326.00,950.00,,1030.00,630.00,2242.00,,,950.00,,,,2470.00,,8598.00,,,,,,,,,,,,,,,,5900.00,,,,,25380.00,,,,,,,,,67920.00
22-Jun-10,Brando,Brando,MerkePaisa,La Estrella,110631.00,31890.00,0.00,,,,,,17828.00,,23900.00,,,,3028.00,7040.00,,,,,,7990.00,,,6851.00,2150.00,1745.00,,,,,,,,,,,28804.00,,,,,,,,,,,,1778.00,,,,,,,,7020.00,8798.00,,,,,,,,,,,,,,,,17828.00,,,,,,,,2350.00,,,,,,78741.00
22-Jun-13,Brando,Brando,Brisas,La Estrella,10800.00,0.00,0.00,,,,,,,,,,,,,,,,,,,,,,,,,,,,,,,,,,,0.00,,,,,,,,,,,,,,,,,,,3770.00,,3770.00,,,,,,,,,,,,,,,,,,,7000.00,,,,,,,,,,,10800.00
22-Jun-14,Brando,Brando,Brisas,La Estrella,11700.00,0.00,0.00,,,,,,,,,,,,,,,,,,,,,,,,,,,,,,,,,,,0.00,,,,,,,,,,,,,,,,,,,,,0.00,,,,,,,,,,,,,,,,4700.00,,,7000.00,,,,,,,,,,,11700.00
22-Jun-16,Brando,Brando,Brisas,La Estrella,11700.00,0.00,0.00,,,,,,,,,,,,,,,,,,,,,,,,,,,,,,,,,,,0.00,,,,,,,,,,,,,,,,,,,,,0.00,,,,,,,,,,,,,,,,4700.00,,,7000.00,,,,,,,,,,,11700.00
22-Jun-17,Brando,Brando,MerkePaisa,La Estrella,145741.00,45590.00,0.00,,,,,,,23500.00,23900.00,12550.00,,,7392.00,6597.00,,,,,,7990.00,,,5654.00,4502.00,,,8262.00,,2244.00,,,,,,,42641.00,,,,,,,,,,,,,,,,,,,,,0.00,,,,,,,,,,,,,,,,,,,,,,,,,,,,,,100151.00
22-Jun-22,Brando,Brando,TuSuper,La Estrella,48800.00,0.00,0.00,,,,,,,,,,,,,,,,,,,,,,,,,,,,,,,,,,,0.00,,,,,,,,,,,,,,,,,,,,,0.00,,,,,,,,,,,,,,,,,,,,,,,,2900.00,,,,3200.00,,48800.00
22-Jun-23,Brando,Brando,Brisas,La Estrella,11700.00,0.00,0.00,,,,,,,,,,,,,,,,,,,,,,,,,,,,,,,,,,,0.00,,,,,,,,,,,,,,,,,,,,,0.00,,,,,,,,,,,,,,,,4700.00,,,7000.00,,,,,,,,,,,11700.00
22-Jun-23,Brando,Brando,Exito,Sabaneta,43387.00,23430.00,0.00,,,,,,,,,,,4000.00,3450.00,,,,,,,6900.00,,,1410.00,,,,,,,,,,,,3450.00,19210.00,,,,,,,,2364.00,,,,,,,,,,,,,2364.00,,,,,,,,,,,,,,,,,,,,,,,,,,,,,,19957.00
22-Jun-25,Brando,Brando,MerkePaisa,La Estrella,62408.00,4350.00,0.00,,,7250.00,,,40822.00,,4350.00,,,,,,,,,,,,,,,,,,,,,,,,,,,0.00,,,,,,,,,,,,,,,,,,,6034.00,,6034.00,,,,,,,,,,28912.00,,,,,,,,,,,,,,,,,,53.00,,58058.00
22-Jun-27,Brando,Brando,AirBnB,Colombia,100800.00,0.00,0.00,,,,,,,,,,,,,,,,,,,,,,,,,,,,,,,,,,,0.00,,,,,,,,,,,,,,,,,,,,,0.00,,,,,,,,,,,,,,,,,,,,,,,,,,,,,,100800.00
22-Jun-26,Vane,Vane,Brisas,La Estrella,11000.00,0.00,0.00,,,,,,,,,,,,,,,,,,,,,,,,,,,,,,,,,,,0.00,,,,,,,,,,,,,,,,,,,,,0.00,,,,,,,,,,,,,,,,4700.00,,,,,,,,,,,,,,11000.00
22-Jun-27,Vane,Vane,Brisas,La Estrella,14300.00,0.00,0.00,,,,,,,,,,,,,,,,,,,,,,,,,,,,,,,,,,,0.00,,,,,,,,,,,,,,,,,2000.00,,,,2000.00,,,,,,,,,,,,,,,,3000.00,,,7000.00,,,,,,,,,,,14300.00
22-Jun-29,Brando,Brando,MerkePaisa,La Estrella,156535.00,44150.00,0.00,,,42148.00,,,,18150.00,23900.00,,,2906.00,2698.00,4430.00,,,,,,8400.00,,,6296.00,2011.00,,,4607.00,1747.00,,,1471.00,,,,,34566.00,,,,,,4277.00,372.00,1208.00,,1658.00,,2938.00,,,1410.00,,,,,,11863.00,,,,,,,,,,29700.00,,,,,,,,,,,17050.00,,,11850.00,12450.00,,,53.00,,112385.00
22-Jul-03,los_dos,Vane,Brisas,La Estrella,17400.00,0.00,0.00,,,,,,,,,,,,,,,,,,,,,,,,,,,,,,1875.00,,450.00,,,2325.00,,,,,,,,,,,,,,,,,2000.00,,1375.00,,3375.00,,,,,,,,,,,,,,,,,,,7000.00,,,,,,,,,,,17400.00
22-Jul-03,los_dos,Brando,DeUno,La Estrella,2990.00,0.00,0.00,,,,,,,,,,,,,,,,,,,,,,,,,,,,,,,,,,,0.00,,,,,,,,,,,,,,,,,,,,,0.00,,,,,,,,,,,,,,,,,,,,,,,,,,,2990.00,,,2990.00
22-Jul-06,Brando,Brando,TuSuper,La Estrella,121750.00,4800.00,0.00,,,,,,,16600.00,4800.00,,,,,,,,,,,,,,,,,,,,,,,,,,,0.00,,,,,,,,,,,,,,,,,,,,,0.00,,,,,,,,,,,,,,,,,,,,69500.00,15550.00,,,,,,,,,116950.00
22-Jul-07,Vane,Vane,Luisa,Caldas,31000.00,0.00,0.00,,,,,,,,,,,,,,,,,,,,,,,,,,,,,,,,,,,0.00,,,,,,,,,,,,,,,,,,,,,0.00,,,,,,,,,,,,,,,,,,,,,,,,,,,31000.00,,,31000.00
22-Jul-07,Brando,Brando,Brisas,La Estrella,13600.00,0.00,0.00,,,,,,,,,,,,,,,,,,,,,,,,,,,,,,,,,,,0.00,,,,,,,,,,,,,,,,,,,,,0.00,,,,,,,,,,,,,,,,6600.00,,,7000.00,,,,,,,,,,,13600.00
22-Jul-08,Brando,Brando,MerkePaisa,La Estrella,147275.00,34140.00,0.00,,,,,,,,20100.00,4800.00,,,4396.00,10526.00,,,,,,14040.00,,,9027.00,4704.00,,,,,2455.00,,2279.00,,,,,47427.00,,8060.00,,,,,753.00,1109.00,,2946.00,,2299.00,,,585.00,,,,,4770.00,20522.00,,,,,,,,,,,,,,,,,,,,,,,,,,,,,,113135.00
22-Jul-11,Vane,Vane,cocomercado,La Estrella,112596.00,0.00,0.00,,,,,,,,,,,,,,,,,,,,,,,,,,,,,,,,,,,0.00,,,,,,,,,,,,,,,,,,,,,0.00,,,,,,,,,,,,,,,,,,,,,,,,,,,112596.00,,,112596.00
22-Jul-16,Brando,Brando,Brisas,La Estrella,14000.00,0.00,0.00,,,,,,,,,,,,,,,,,,,,,,,,,,,,,,,,,,,0.00,,,,,,,,,,,,,,,,,,,,,0.00,,,,,,,,,,,,,,,,4700.00,,,,,,,,,,,,,,14000.00
22-Jul-16,Vane,Vane,Caldas,Caldas,96000.00,0.00,0.00,,,,,,,,,,,,,,,,,,,,,,,,,,,,,,,,,,,0.00,,,,,,,,,,,,,,,,,,,,,0.00,,,,,,,,,,,,,,,,,,,,,,,,,,,,,,96000.00
22-Jul-17,Brando,Brando,MerkePaisa,La Estrella,122493.00,39270.00,0.00,,,,,,,14550.00,24050.00,12550.00,,,,12332.00,,,,,,7020.00,,,3924.00,4088.00,2871.00,,,,,,,,,,,30235.00,,,,,,,,958.00,,,,,,,,,,,,,958.00,,,,,,,,,,,,,,,,,,,,,,,,,,,,,,83223.00
22-Jul-22,Brando,Brando,MerkePaisa,La Estrella,114685.00,40920.00,0.00,,,,,,,22350.00,,,,,1976.00,,,,,,,7020.00,,,,3024.00,,,4236.00,,,,3492.00,,,,,19748.00,,,,,,,444.00,529.00,,,,1110.00,1647.00,639.00,,,,,,,4369.00,,,,,,,,,,51431.00,,,,,,,,,,,,,,5300.00,,,,53.00,,73765.00
22-Jul-27,Brando,Brando,Brisas,La Estrella,22900.00,0.00,0.00,,,,,,,,,,,,,,,,,,,,,,,,,,,,,,,,,,,0.00,,,,,,,,,,,,,,,,,,,,,0.00,,,,,,,,,,,,,,,,4700.00,,,8700.00,,,,,,,,,,,22900.00
29-Jul-29,Brando,Brando,MerkePaisa,La Estrella,148229.00,87940.00,0.00,,,,,,,40600.00,24050.00,,,,4637.00,9200.00,,,,,,,,,,,,,6526.00,,2406.00,,2681.00,,,,,25450.00,,,,,,,,775.00,,,,,,,,,,,,,775.00,,,,,,,,,,,,,,,,,,,,,,,,,,,,,,60289.00
22-Aug-02,Brando,Brando,Brisas,La Estrella,60400.00,7300.00,0.00,,,,,,,,,,,,,,,,,,,,,,,,,,,,,,2500.00,,,,,2500.00,,,,,,,,,,,,,,,,,,,,,0.00,,,,,,,,,,,,,,,,4700.00,,,7000.00,,,,,,,,,,,53100.00
22-Aug-07,Brando,Brando,tienda,Caldas,126000.00,0.00,0.00,,,,,,,,,,,,,,,,,,,,,,,,,,,,,,,,,,,0.00,,,,,,,,,,,,,,,,,,,,,0.00,,,,,,,,,,,,,,,,,,,,,,,,,,,,,,126000.00
22-Aug-05,Brando,Brando,MerkePaisa,La Estrella,183000.00,85000.00,0.00,,,,,,,14550.00,24050.00,,,,,,,,,,,,,,,,,,,,,,,,,,,0.00,,,,,,,,,,,,,,,,,,,,,0.00,,,,,,,,,,40000.00,,,,,,,,,,,,,,,,,,,,98000.00
22-Aug-09,Brando,Brando,Brisas,La Estrella,59625.00,10400.00,0.00,,,,,,,,,,,,,,,,,,,,,,,,,,,,,,,,,,,0.00,,,,,,,,,,,,,,,,,,,,,0.00,,,,,,,,,,,,,,,,9400.00,,,14000.00,,,,,15900.00,5000.00,,,,,49225.00
22-Aug-10,Brando,Brando,MerkePaisa,La Estrella,88519.00,24200.00,0.00,,,,,,,18950.00,,,,,1485.00,7017.00,,,,,,5125.00,,,2586.00,,,,5767.00,,990.00,,1349.00,,,,,24319.00,,,,,,,,,,,,,,,,,,,,,0.00,,,,,,,,,,,,,,,,,,,,,,,,,,,,,,64319.00
22-Aug-18,Brando,Brando,MerkePaisa,La Estrella,135574.00,54870.00,0.00,,,,,,,10150.00,26900.00,,,,3850.00,10560.00,,,,,,7020.00,,,4360.00,,,,5074.00,,1531.00,,,,,,,32395.00,,,,,,,252.00,1958.00,,,,874.00,,,2534.00,,,,,,5618.00,,,,,,,,,,,,,,,,,,,,,15500.00,,,10800.00,,,,,,80704.00
22-Aug-23,Brando,Brando,MerkePaisa,La Estrella,73535.00,43250.00,0.00,,,,,,,20450.00,,,,,3542.00,10568.00,,,,,,,,,5886.00,,,,7380.00,,2909.00,,,,,,,30285.00,,,,,,,,,,,,,,,,,,,,,0.00,,,,,,,,,,,,,,,,,,,,,,,,,,,,,,30285.00
22-Aug-25,Brando,Brando,Brisas,La Estrella,16400.00,0.00,0.00,,,,,,,,,,,,,,,,,,,,,,,,,,,,,,,,,,,0.00,,,,,,,,,,,,,,,,,,,,,0.00,,,,,,,,,,,,,,,,9400.00,,,7000.00,,,,,,,,,,,16400.00
22-Aug-29,Brando,Brando,MerkePaisa,La Estrella,206372.00,71050.00,0.00,,,,,,,,26500.00,,,,,,,,,,,,,,5415.00,,4505.00,,,,2059.00,,,,,,,11979.00,,,,,,,1059.00,962.00,,1536.00,,,,,,,,,,,3557.00,,,,,,,,,,22736.00,,,,,,,,,,,,,,,,,,,,135322.00
22-Sep-16,Brando,Brando,TuSuper,La Estrella,121752.00,94500.00,0.00,,,,,,,16600.00,,,,,,4524.00,,,,,,,,,,,,,,,,,2508.00,,,,2820.00,9852.00,,,,,,,,,,,,,,,,,,,,2300.00,2300.00,,,,,,,,,,,,,,,,,,,,,,,,,,,,,,27252.00
22-Sep-19,Brando,Brando,MerkePaisa,La Estrella,48445.00,23550.00,0.00,,,,,,,,23550.00,,,,,,,,,,,,,,,,,,,,,,1932.00,,,,,1932.00,,,,,,,527.00,768.00,,1298.00,,1034.00,,1018.00,1224.00,,,,,,5869.00,,,,,,,,,,,,,,,,,,,,,,,,,,,,,,24895.00
22-Sep-26,Brando,Brando,Brisas,La Estrella,2000.00,0.00,0.00,,,,,,,,,,,,,,,,,,,,,,,,,,,,,,,,,,,0.00,,,,,,,,,,,,,,,,,,,2000.00,,2000.00,,,,,,,,,,,,,,,,,,,,,,,,,,,,,,2000.00
22-Sep-26,Brando,Brando,TuSuper,La Estrella,36800.00,0.00,0.00,,,,,,,,,,,,,,,,,,,,,,,,,,,,,,,,,,,0.00,,,,,,,,,,,,,,,,,,,,,0.00,,,,,,,,,,,,,,,,,,,,,25300.00,,,,,,,,,36800.00
22-Sep-26,Vane,Vane,Brisas,La Estrella,31050.00,0.00,0.00,,,,,,,,,,,,,,,,,,,,,,,,,,,,,,,,,,,0.00,,,,,,,,,,,,,,,,,,,,,0.00,,,,,,,,,,11000.00,,,,,,4700.00,,,4200.00,,,,,,,,,,,31050.00
22-Sep-27,Vane,Vane,online,Colombia,68000.00,0.00,0.00,,,,,,,,,,,,,,,,,,,,,,,,,,,,,,,,,,,0.00,,,,,,,,,,,,,,,,,,,,,0.00,,,,,,,,,,,,,,,,,,,,,,,,,,,,,,68000.00
22-Sep-28,Brando,Brando,MerkePaisa,La Estrella,72098.00,20950.00,0.00,,,,,,,,20950.00,,,,,,,,,,,,,,,,,,,,,,,,,,,0.00,,,,,,,163.00,803.00,,,,712.00,,311.00,683.00,,,,,1898.00,4570.00,,,,,,,,,,36652.00,,,,,,,,,,,,,,,,,,,,51148.00
22-Sep-28,Brando,Brando,F&S,La Estrella,66200.00,66200.00,0.00,,,,,,,41700.00,,,,,,,,,,,,,,,,,,,,,,,,,,,,0.00,,,,,,,,,,,,,,,,,,,,,0.00,,,,,,,,,,,,,,,,,,,,,,,,,,,,,,0.00
22-Oct-04,Brando,Brando,MerkePaisa,La Estrella,81039.00,42400.00,0.00,,,,,,,,20950.00,,309.00,3488.00,2110.00,13878.00,,,,,,,,,4348.00,1293.00,,,7765.00,,,,,,,,,33191.00,,,,,,,,,,,,,,,,,,,,,0.00,,,,,,,,,,,,,,,,,,,,,,,,,,,,,,38639.00
22-Sep-29,Brando,Brando,TuSuper,La Estrella,48134.00,24900.00,0.00,,,,,,,24900.00,,,,1518.00,,6396.00,,,,,,,,,,,,,,,,,1776.00,,,,3744.00,13434.00,,,,,,,,,,,,,,,,,,,,,0.00,,,,,,,,,,,,,,,,,,,,,,,,,,,,,,23234.00
22-Oct-05,Brando,Brando,Brisas,La Estrella,30020.00,8900.00,0.00,,,,,,,,,,,,,,,,,,,,,,,,,,,,,,1320.00,,,,,1320.00,,,,,,,,,,,,,,,,,,,,,0.00,,,,,,,,,,,,,,,,4700.00,,,4200.00,,,,,,,,,,,21120.00
22-Oct-08,Brando,Brando,Exito,Envigado,107742.00,7500.00,0.00,,,,,,,,,,,,2500.00,5349.00,,,,,,7500.00,,,45320.00,,,,,,,,,,,,3348.00,64017.00,,,,10930.00,,,,,,,,,,,,,,,3248.00,,14178.00,,,,,,,,,,50310.00,,,,,,,,,,,,18150.00,,,,,,53.00,,100242.00
22-Oct-10,Brando,Brando,MerkePaisa,La Estrella,51225.00,6700.00,0.00,,,,,,,,,,,,,,,,,,,,,,,,,,,,,,2250.00,,,,,2250.00,,,,,,,,684.00,,1134.00,971.00,,,,1349.00,,,,,,4138.00,,,,,,,,,,,,,,,,,,,,,,,,,,,,,,44525.00
22-Oct-10,Brando,Brando,Brisas,La Estrella,19400.00,8900.00,0.00,,,,,,,,,,,,,,,,,,,,,,,,,,,,,,,,,,,0.00,,,,,,,,,,,,,,,,,,,,,0.00,,,,,,,,,,,,,,,,4700.00,,,4200.00,,,,,,,,,,,10500.00
22-Oct-11,Brando,Brando,F&S,La Estrella,73800.00,73800.00,0.00,,,,,,,,,,,,,,,15700.00,8900.00,8900.00,,13500.00,,,,,,,,,,,,,,,,47000.00,,,,,,,,,,,,,,,,,,,,,0.00,,,,,,,,,,,,,,,,8300.00,,,,,,,,,,,,,,0.00
22-Oct-16,Vane,Vane,Brisas,La Estrella,24840.00,0.00,0.00,,,,,,,,,,,,,,,,,,,,,,,,,,,,,,1680.00,,,,,1680.00,,,5950.00,,,,,,,460.00,,,,,,,,1000.00,1250.00,3500.00,12160.00,,,,,,,,,,,,,,,,,,,,,,,,,,,,,,24840.00
22-Oct-17,Brando,Brando,MerkePaisa,La Estrella,41058.00,20950.00,0.00,,,,,,,,,,,,2009.00,12641.00,,,,,,,,,,,,,3898.00,,,,1560.00,,,,,20108.00,,,,,,,,,,,,,,,,,,,,,0.00,,,,,,,,,,,,,,,,,,,,,,,,,,,,,,20108.00
22-Oct-22,los_dos,Brando,TuSuper,La Estrella,109786.00,46000.00,0.00,,,,,,,33200.00,,,,,,,,,,,,,,,,,,,,,,,1430.00,,,,4256.00,5686.00,,,,,,,,,,,,,,,,,,,,7300.00,7300.00,,20000.00,,,,,,,,,,,,,,,,,,,,,,5400.00,,,,,,63786.00
22-Oct-25,Brando,Brando,MerkePaisa,La Estrella,83525.00,39550.00,0.00,,,,,,,,,,,,,8944.00,,,,,,,,,,1998.00,,,4276.00,,,,3504.00,,,,,18722.00,,,,,,,441.00,1856.00,,1134.00,1288.00,2659.00,,,792.00,,,,,,8170.00,,,,,,,,,,,,,,,,,,,,,,,,,,,,,,43975.00
22-Oct-29,Brando,Brando,MercadoLibre,Colombia,56000.00,56000.00,0.00,,,,56000.00,,,,,,,,,,,,,,,,,,,,,,,,,,,,,,,0.00,,,,,,,,,,,,,,,,,,,,,0.00,,,,,,,,,,,,,,,,,,,,,,,,,,,,,,0.00
22-Oct-28,los_dos,Brando,MerkePaisa,La Estrella,158258.00,0.00,0.00,,,,,12950.00,,,,,,,,,,,,,,,,,4755.00,,,,4527.00,,,,2639.00,,,,,11921.00,,,,,,,185.00,1348.00,,1220.00,,,,,,,,,4554.00,,7307.00,,,46065.00,19793.00,24259.00,,,,,,,4300.00,,,,,2200.00,,,,,,,3400.00,,,,159.00,,158258.00
22-Oct-27,Brando,Brando,F&S,La Estrella,61720.00,61720.00,0.00,,,,,,,,,,,,,,,25120.00,,24000.00,,,,,,,,,,,,,,,,,,49120.00,,,,,,,,,,,,,,,,,,,,,0.00,,,,,,,,,,,,,,,,,,,,,,,,,,,,,,0.00
22-Oct-29,los_dos,Brando,Brisas,La Estrella,20200.00,0.00,0.00,,,,,,,,,,,,,,,,,,,,,,,,,,,,,,,,,,,0.00,,,,,,,,,,,,,,,,,,,,,0.00,,,,,,,,,,,,,,,,7100.00,,,9500.00,,,,,,,,,,,20200.00
22-Nov-09,Brando,Brando,MerkePaisa,La Estrella,107308.00,41050.00,0.00,,,,,,,32000.00,,,,,1607.00,9769.00,,,,,,,,,2766.00,,,,3113.00,,,,,,,,,17255.00,,,,,,,349.00,904.00,,1288.00,,995.00,,1047.00,,,,,,,4583.00,,,,,,,,,,,,,,,,,,,,,,,,,,,,,,66258.00
22-Nov-09,Brando,Brando,Brisas,La Estrella,4300.00,0.00,0.00,,,,,,,,,,,,,,,,,,,,,,,,,,,,,,,,,,,0.00,,,,,,,,,,,,,,,,,,,,,0.00,,,,,,,,,,,,,,,,,,,4300.00,,,,,,,,,,,4300.00
22-Nov-11,los_dos,Vane,Brisas,La Estrella,24800.00,0.00,0.00,,,,,,,,,,,,,,,,,,,,,,,,,,,,,,,,,,,0.00,,,,,,,,,,,,,,,,,,,,,0.00,,,,,,,,,,,,,,,,,,,,,,,,,,,,,,24800.00
22-Nov-13,los_dos,Brando,TuSuper,La Estrella,94617.00,0.00,0.00,,,,,,,,,,,,,,,,,,,,,,,,,,,,,,,,,,3108.00,3108.00,,,,,,,,,,,,,,,,,,,4425.00,,4425.00,,,,,30400.00,30400.00,,,,,,,,,,,,,,,,,,,8300.00,,3900.00,,,94617.00
22-Nov-12,Brando,Brando,TuSuper,La Estrella,16600.00,16600.00,0.00,,,,,,,16600.00,,,,,,,,,,,,,,,,,,,,,,,,,,,,0.00,,,,,,,,,,,,,,,,,,,,,0.00,,,,,,,,,,,,,,,,,,,,,,,,,,,,,,0.00
22-Nov-14,los_dos,Vane,TuSuper,La Estrella,104613.00,0.00,0.00,,,,,,,,21350.00,,,,2296.00,,,,,,,,,,4755.00,,2038.00,,,,,,,,,,,9089.00,,,,,,7050.00,,,,,,,,,,,,,,,7050.00,,,,,,,,,,,,,11250.00,,,,,,,,,,,,17550.00,,,,,104613.00
22-Nov-22,Brando,Brando,TuSuper,La Estrella,99491.00,62600.00,0.00,,,,,,,,47000.00,,,,2296.00,10974.00,,,,,,,,,4323.00,,2223.00,,10376.00,,,,,,,,,30192.00,,,,,,,,,,,,,,,,,,,,,0.00,,,,,,,,,,,,4200.00,,,,,,,,,,,,,,,,,,36891.00
22-Nov-22,Brando,Brando,F&S,La Estrella,72400.00,72400.00,0.00,,,,,,,,,,,,,,,15700.00,8900.00,47800.00,,,,,,,,,,,,,,,,,,72400.00,,,,,,,,,,,,,,,,,,,,,0.00,,,,,,,,,,,,,,,,,,,,,,,,,,,,,,0.00
22-Nov-26,los_dos,Vane,TuSuper,La Estrella,173328.00,0.00,0.00,,,,,,,,,,,,2592.00,6591.00,,,,,,7750.00,,,,,,,4851.00,,2014.00,,5561.00,,,,,29359.00,,,,,,7650.00,1280.00,1066.00,,,,1738.00,,,,,,,,,11734.00,,,,,,,52300.00,,,,,2350.00,,,4350.00,,,,,,,,,,,,,,,173328.00
22-Nov-29,Brando,Brando,Brisas,La Estrella,28900.00,0.00,0.00,,,,,,,,9400.00,,,,,,,,,,,,,,,,,,,,,,,,,,,0.00,,,,,,,,,,,,,,,,,,,,,0.00,,,,,,,,,19500.00,,,,,,,,,,,,,,,,,,,,,28900.00
22-Dec-02,Brando,Brando,TuSuper,La Estrella,97662.00,77900.00,0.00,,,,,,,,5200.00,,,,,,,,,,,,,,,,,,,,,,1950.00,,,,2312.00,4262.00,,,,,,,,,,,,,,,,,,,,,0.00,,,,,,,,,,,,,,,,,,,,77900.00,10300.00,,,,,,,,,19762.00
22-Dec-06,Brando,Brando,Brisas,la Estrella,17100.00,0.00,0.00,,,,,,,,7800.00,,,,,,,,,,,,,,,,,,,,,,,,,,,0.00,,,,,,,,,,,,,,,,,,,,,0.00,,,,,,,,,,,,,,,,4700.00,,,4600.00,,,,,,,,,,,17100.00
22-Dec-06,Brando,Brando,Exito,Sabaneta,62337.00,0.00,0.00,,,,,,,,,,,,,10063.00,,,,,,7500.00,,,,,,,,,,,1200.00,,,,1326.00,20089.00,,,,,,6850.00,470.00,,,2172.00,,934.00,,,,,,,,,10426.00,,,,,,,,,,,,4360.00,14760.00,,,,,,,,,,,,,,,,,62337.00
22-Dec-06,Brando,Brando,F&S,la Estrella,86300.00,86300.00,0.00,,,,,,,34100.00,,,,,,,,,8900.00,43300.00,,,,,,,,,,,,,,,,,,52200.00,,,,,,,,,,,,,,,,,,,,,0.00,,,,,,,,,,,,,,,,,,,,,,,,,,,,,,0.00
22-Dec-08,los_dos,Brando,TuSuper,la Estrella,22187.00,6700.00,0.00,,,,,,,,,,,,2512.00,,,,,,,,,,4230.00,,,,3565.00,,,,,,,,,10307.00,,,,,,,,1941.00,,,,,,,,,,,1638.00,,3579.00,,,,,,,,,,,,,,,,,,,,,,,,,,,,,,15487.00
22-Dec-09,los_dos,Brando,TuSuper,la Estrella,143740.00,81700.00,0.00,,,,,,,26000.00,10200.00,,,,,,,,,,,,,,,,,,,,,2961.00,1729.00,,,,,4690.00,,,,,,,,,,,,,,,,,,,,,0.00,,,,,,,,,,,,,,,,,,,,,,,,12700.00,,,,,,62040.00
22-Dec-12,Brando,Brando,Exito,la Estrella,20207.00,18450.00,0.00,,,,,,,,,,,,,,,,,,,,,,3124.00,,,,,,,,641.00,,,,,3765.00,,,,,,,566.00,,,,,1116.00,,,,,,,,,1682.00,,,,,,,,,,,,,,,,,,,,,,,,,,,,,,1757.00
22-Dec-13,Brando,Brando,Brisas,la Estrella,18000.00,4000.00,0.00,,,,,,,,7800.00,,,,,,,,,,,,,,,,,,,,,,,,,,,0.00,,,,,,,,,,,,,,,,,,,,,0.00,,,,,,,,,,,,,,,,4700.00,,,4600.00,,,,,4000.00,,,,,,14000.00
22-Dec-16,Brando,Brando,TuSuper,la Estrella,114190.00,35000.00,0.00,,,,,,,27500.00,,,,,,,,,,,,,,,,,,,,,,,2444.00,,,,3479.00,5923.00,,,,,,,,2703.00,,972.00,,2624.00,,,,,,,,,6299.00,,,,,,,,,,,,,,,,,,,,,,,,,,,,,,79190.00
22-Dec-18,los_dos,Brando,Brisas,la Estrella,38700.00,0.00,0.00,,,,,,,,7800.00,,,,,,,,,,,,,,,,,,,,,,,,,,,0.00,,,,,,,,,,,,,,,,,,,,,0.00,,,,,,,,,19500.00,,,,,,,,,,,,,,,,,,,,,38700.00
22-Dec-19,los_dos,Brando,Brisas,la Estrella,13315.00,0.00,0.00,,,,,,,,,,,,,,,,,,,,,,,,,,,,,,,,,,,0.00,,,,,,,,840.00,,,,,,,,,2975.00,,,,3815.00,,,,,,,,,,,,,,,,4800.00,,,,,,,,,,,,,,13315.00
22-Dec-22,Brando,Brando,Brisas,la Estrella,9400.00,9400.00,0.00,,,,,,,,9400.00,,,,,,,,,,,,,,,,,,,,,,,,,,,0.00,,,,,,,,,,,,,,,,,,,,,0.00,,,,,,,,,,,,,,,,,,,,,,,,,,,,,,0.00
22-Dec-22,Brando,Brando,F&S,la Estrella,149500.00,149500.00,0.00,,,,,,,24600.00,,,,9100.00,,,,15700.00,8900.00,88900.00,,,,,,,,,,,,,,,,,,122600.00,,,,,,,,,,,,,,,,,,,,,0.00,,,,,,,,,,,,,,,,,,,,,,,,,,,,,,0.00
22-Dec-26,los_dos,Brando,TuSuper,la Estrella,50982.00,33800.00,0.00,,,,,,,,,,,,1564.00,,,,,,,,,,3900.00,,3600.00,,,,,,,,,,4118.00,13182.00,,,,,,,,,,,,,,,,,,,,,0.00,,,,,,,,,,,,,,,,,,,,,3900.00,,,,,,,,,17182.00
22-Dec-26,Brando,Brando,Brisas,la Estrella,9500.00,0.00,0.00,,,,,,,,,,,,,,,,,,,,,,,,,,,,,,,,,,,0.00,,,,,,,,,,,,,,,,,,,,,0.00,,,,,,,,,,,,4800.00,,,,4700.00,,,,,,,,,,,,,,9500.00
22-Dec-28,los_dos,Brando,Brisas,la Estrella,42090.00,0.00,0.00,,,,,,,,,,,,,,,,,,,,,,,,,,,,,,,,,,,0.00,,,,,,,825.00,,,1870.00,,,,800.00,1190.00,,,,,,4685.00,,,,,13500.00,,,,,,,,,,,,,,,,,,,20200.00,,,,,,42090.00
22-Dec-29,Brando,Brando,Brisas,la Estrella,12500.00,7800.00,0.00,,,,,,,,7800.00,,,,,,,,,,,,,,,,,,,,,,,,,,,0.00,,,,,,,,,,,,,,,,,,,,,0.00,,,,,,,,,,,,,,,,4700.00,,,,,,,,,,,,,,4700.00
23-Jan-03,los_dos,Brando,UpTheHill,la Estrella,82000.00,0.00,0.00,,,,,,,20000.00,,,,,,,,,,,,,,,,,,,,,,,,,,,,0.00,,,,,,,,,,,,,,,,,,,,,0.00,,,,,,,,,,,,,,,,,,,,,,,,4300.00,,,,,,82000.00
23-Jan-04,Brando,Brando,Brisas,la Estrella,24425.00,7800.00,0.00,,,,,,,,7800.00,,,,,6000.00,,,,,,,,,,,,,,,,,2222.00,,,,,8222.00,,,,,,,,,,,,,,,,,,,,,0.00,,,,,,,,,,,,,,,,,,,,,,,,,,,,,,16625.00
23-Dec-30,los_dos,Brando,Brisas,la Estrella,83780.00,0.00,0.00,,,,,,,,,,,,,,,,,,,,,,,,,,,,,,,,,,,0.00,,,,,,,,,,,,,,,,,,,,,0.00,,,,,,,,,,,,,,,,4700.00,,,4600.00,,,30000.00,,16400.00,,,,,,83780.00
23-Jan-06,los_dos,Vane,TuSuper,la Estrella,146700.00,0.00,0.00,,,,,,,39800.00,,,,,,3553.00,,,,,,,,,,,,,,,,,1300.00,,,,3903.00,8756.00,,,,,,,,,,1666.00,,2000.00,,,,,,,,,3666.00,,,,,,,28600.00,,,,,,,,,,,,,,,,,16200.00,,,,,,146700.00
23-Jan-08,los_dos,Brando,Vaquita,Sabaneta,80720.00,12320.00,0.00,,,,,,,,,,,,,,,,,,,,,,,,,,,,,,,,,,,0.00,,,,,,,,,,,,,,,,,,,,,0.00,,,,,,,,,,,,,,,,,,,,,,,16990.00,12320.00,,,,120.00,10157.00,68400.00
23-Jan-11,Brando,Brando,Brisas,la Estrella,13400.00,0.00,0.00,,,,,,,,9400.00,,,,,,,,,,,,,,,,,,,,,,,,,,,0.00,,,,,,,,,,,,,,,,,,,,,0.00,,,,,,,,,,,,,,,,,,,4600.00,,,,,,,,,,,13400.00
23-Jan-12,Brando,Brando,TuSuper,la Estrella,39345.00,0.00,0.00,,,,,,,,,,,,1674.00,,,,,,,,,,5200.00,,3600.00,,,,,,4173.00,,,,2343.00,16990.00,,,,,,5700.00,644.00,3429.00,,627.00,,2993.00,,,1782.00,,,,1482.00,,16657.00,,,,,,,,,,,,,,,,,,,,,,,,,,,,,,39345.00
23-Jan-15,Brando,Brando,Brisas,la Estrella,26600.00,9400.00,0.00,,,,,,,,9400.00,,,,,,,,,,,,,,,,,,,,,,,,,,,0.00,,,,,,,,,,,,,,,,,,,,,0.00,,,,,13500.00,,,,,,4000.00,,,,,4700.00,,,,,,,,,,,,,,17200.00
23-Jan-22,Brando,Brando,Brisas,la Estrella,16600.00,9400.00,0.00,,,,,,,,9400.00,,,,,,,,,,,,,,,,,,,,,,,,,,,0.00,,,,,,,,,,,,,,,,,,,4000.00,,4000.00,,,,,,,,,,,,,,,,,,,,,,,,,,,,,,7200.00
23-Jan-19,Brando,Brando,Brisas,la Estrella,23680.00,0.00,0.00,,,,,,,,,,,,,2400.00,,,,,,,,,,,,,,,,,2160.00,,,,,4560.00,,,,,,,700.00,5250.00,,1050.00,,1500.00,,,1020.00,,,,,,9520.00,,,,,,,,,,,,,,,,4700.00,,,4900.00,,,,,,,,,,,23680.00
23-Jan-19,Brando,Brando,F&S,la Estrella,159800.00,116700.00,0.00,,,,,,,,,,,27600.00,,,,,,46600.00,,,,,,,,,,,,,,,,,,74200.00,,,,,,,,,,,,,,,,,,,,,0.00,,,,,,,,,,,,,,,,,,,,,,,,,,,,,,43100.00
23-Jan-22,Brando,Brando,TuSuper,la Estrella,38974.00,0.00,0.00,,,,,,,18700.00,,,,,3600.00,,,,,,,,,,,,,,,,,,1988.00,,,,2768.00,8356.00,,,,,,,,,,,,,,,,,,,3570.00,,3570.00,,,,,,,,,,,,,,,,,,,,,3200.00,,,,,,,,,38974.00
23-Jan-25,Brando,Brando,F&S,la Estrella,56300.00,0.00,0.00,,,,,,,16000.00,,,,13800.00,,,,,,,,,,,,,,,,,,,,,,,,13800.00,,,,,,,,,,,,,,,,,,,,,0.00,,,,,,,,,,,,,,,,11100.00,,,,,,,,,,,,400.00,,56300.00
23-Jan-25,Brando,Brando,Brisas,la Estrella,25500.00,9400.00,0.00,,,,,,,,9400.00,,,,,,,,,,,,,,,,,,,,,,2700.00,,,,,2700.00,,,,,,,,,,,,,,,,,,,,,0.00,,,,,,,,,,,,5000.00,8400.00,,,,,,,,,,,,,,,,,16100.00
23-Jan-29,Brando,Brando,CampoOriente,la Estrella,24501.00,0.00,0.00,,,,,,,,,,,,,,,,,,,,,,,2000.00,2000.00,,,,,,2700.00,,,,3000.00,9700.00,,,,,,,420.00,,,1507.00,,1564.00,,,,,,,,,3491.00,,,,,,,,,,,,,,,,,,,,,,,,,,,,,,24501.00
23-Jan-22,Vane,Vane,Brisas,la Estrella,21950.00,0.00,0.00,,,,,,,,,,,,,,,,,,,,,,,,,,,,,,,,,,,0.00,,,,,,,,,,,,,,,,,,,,,0.00,,,,,,,,,19500.00,,,,,,,,,,,,,,,,,,,,,21950.00
23-Jan-31,los_dos,Brando,UpTheHill,la Estrella,38000.00,0.00,0.00,,,,,,,,,,,,,,,,,,,,,,,,,,,,,,,,,,,0.00,,,,,,,,,,,,,,,,,,,,,0.00,,,,,,,,,,,,,,,,11000.00,,,,,,,,,,,,,,38000.00
23-Feb-08,Brando,Brando,MercadoLibre,Colombia,104000.00,104000.00,0.00,,,,104000.00,,,,,,,,,,,,,,,,,,,,,,,,,,,,,,,0.00,,,,,,,,,,,,,,,,,,,,,0.00,,,,,,,,,,,,,,,,,,,,,,,,,,,,,,0.00
23-Jan-30,Brando,Brando,Brisas,la Estrella,18100.00,10400.00,0.00,,,,,,,,,,,,,,,,,,,,,,,,,,,,,,,,,,,0.00,,,,,,,,,,,,,,,,,,,,,0.00,,,,,,,,,,,,,,,,3000.00,,,4700.00,,,,,,,,,,,7700.00
23-Jan-31,los_dos,Brando,MerkePaisa,la Estrella,61110.00,3250.00,0.00,,,,,,,,,,,,5844.00,,,,,,,,,,6494.00,,,,,,,,1377.00,,,,13814.00,27529.00,,,,,,,,,,,,,,,,,,,1725.00,,1725.00,,,,,,,,,,,,,,,,,,,,,,,,,,,,53.00,1728.00,57860.00
23-Jan-31,Brando,Brando,Brisas,la Estrella,26690.00,14100.00,0.00,,,,,,,,14100.00,,,,,,,,,,,,,,,,,,,,,,3200.00,,,,,3200.00,,,,,,,560.00,2250.00,,1800.00,1300.00,,,,3400.00,,,,,,9310.00,,,,,,,,,,,,,,,,,,,,,,,,,,,,,,12590.00
23-Feb-05,Brando,Brando,Brisas,la Estrella,10000.00,0.00,0.00,,,,,,,,,,,,,,,,,,,,,,,,,,,,,,,,,,,0.00,,,,,,,,,,,,,,,,,,,,,0.00,,,,,,,,,,,,10000.00,,,,,,,,,,,,,,,,,,10000.00
23-Feb-05,los_dos,Brando,Brisas,la Estrella,82630.00,16800.00,0.00,,,,,,,,14100.00,,,,,,,,,,,,,,,,,,,,,,,,,,,0.00,,,,,,,420.00,,,1150.00,,,,860.00,1360.00,,,,5280.00,,9070.00,,,,,,,,,19500.00,,,,,,,,,,4700.00,,,,,19100.00,10500.00,,,,,65830.00
23-Feb-06,los_dos,Brando,Brisas,la Estrella,12340.00,2200.00,0.00,,,,,,,,,,,,,,,,,,,,,,,,,,,,,,2240.00,,,,,2240.00,,,,,,,,,,,,,,,,,,,,,0.00,,,,,,,,,,,,,,,,,,,,,,,,6600.00,,,,,,10140.00
23-Feb-07,los_dos,Brando,Brisas,la Estrella,145356.00,46400.00,0.00,,,,,,,46400.00,,,,,,2156.00,,,,,,,,,,,,,,,,,3556.00,,,,4941.00,10653.00,,,,,,,,,,,,,,,,,,,2405.00,,2405.00,,,,,,,,,,,,,,,,,,,,85900.00,,,,,,,,,4090.00,98956.00
23-Feb-08,Brando,Brando,F&S,la Estrella,110000.00,78000.00,0.00,,,,,,,,,,,15500.00,,,,,11500.00,51000.00,,7000.00,,,,,,,,,,,,,,,,85000.00,,,,,,,,,,,,,,,,,,,,,0.00,,,,,,,,,,,,,,,,,,,,,,,,2500.00,,,,,9450.00,32000.00
23-Feb-10,los_dos,Brando,Consumo,la Estrella,71500.00,25790.00,0.00,,,,,,,11450.00,,,,,,,,,,,,,,,,,,,,,,,,,,,,0.00,,,,,,,,1920.00,,,,1330.00,,,,,,,,,3250.00,,,,,,,,,,,,,,,,,,,,,,2750.00,,11590.00,9950.00,,,160.00,5954.00,45710.00
23-Feb-12,los_dos,Brando,TuSuper,la Estrella,90451.00,17600.00,0.00,,,,,,,17600.00,,,,,,,,,,,,,,,4331.00,6750.00,4566.00,,,,,,2632.00,,,,,18279.00,,,,,,,,,,,,,,,,,,,,,0.00,,,,,,,,,,,8400.00,,,,,,,,4350.00,,,,,,23450.00,,,,9485.00,72851.00
23-Feb-14,Brando,Brando,TuSuper,la Estrella,45179.00,33800.00,0.00,,,,,,,,,,,,,2679.00,,,,,1200.00,,,,,,,,,,,,,,,,,3879.00,,,,,,,,,,,,,,,,,,,,,0.00,,,,,,,,,,,,,,,,,,,,,,,,7500.00,,,,,,11379.00
23-Feb-14,Brando,Brando,Brisas,la Estrella,9400.00,9400.00,0.00,,,,,,,,9400.00,,,,,,,,,,,,,,,,,,,,,,,,,,,0.00,,,,,,,,,,,,,,,,,,,,,0.00,,,,,,,,,,,,,,,,,,,,,,,,,,,,,,0.00
23-Feb-14,Vane,Vane,Pasteur,la Estrella,40000.00,0.00,0.00,,,,,,,,,,,,,,,,,,,,,,,,,,,,,,,,,,,0.00,,,,,,,,,,,,,,,,,,,,,0.00,,,,,,,,,,,,,,,,,,,,,,,,,,40000.00,,,,40000.00
23-Feb-14,los_dos,Brando,UpTheHill,la Estrella,41000.00,0.00,0.00,,,,,,,,,,,,,,,,,,,,,,,,,,,,,,,,,,,0.00,,,,,,,,,,,,,,,,,,,,,0.00,,,,,,,,,,,,,,,,10500.00,,,,,,,,5500.00,,,,,,41000.00
23-Feb-16,Brando,Brando,Brisas,la Estrella,24510.00,6300.00,0.00,,,,,,,,9400.00,,,,,,,,,,,,,,,,,,,,,,,,,,,0.00,,,,,,,,1200.00,,4600.00,7500.00,,,1900.00,3000.00,,,,1500.00,,19700.00,,,,,,,,,,,,,,,,,,,,,,,,,,,,,,18210.00
23-Feb-20,Brando,Brando,TuSuper,la Estrella,72691.00,18100.00,0.00,,,,,,,9500.00,,,,,2175.00,,,,,,,,,,,,2175.00,,,,,,2722.00,,,,5544.00,12616.00,,,,,,,,,,,,,,,,,,,,,0.00,,,,,,,,,,,,,,,,,,,,,,,,15200.00,,,,,3561.00,54591.00
23-Feb-21,Brando,Brando,TuSuper,la Estrella,18480.00,0.00,0.00,,,,,,,,,,,,,,,,,,,,,,,,,,,,,,,,,,,0.00,,,,,,,,,,,,,,,,,,,2081.00,,2081.00,,,,,16400.00,,,,,,,,,,,,,,,,,,,,,,,,,18480.00
23-Feb-25,Brando,Brando,MerkePaisa,la Estrella,77977.00,11400.00,0.00,,,,,,,8200.00,,,,,2111.00,,,,,,,7245.00,,,4603.00,,2709.00,,3056.00,,6576.00,,2474.00,,,,,28774.00,,,,,,,,830.00,,868.00,,,,,,,,,,,1698.00,,,,,,,,6900.00,,,,,,,,,,,,,,,,5200.00,8650.00,,,106.00,6873.00,66577.00
23-Feb-23,los_dos,Brando,UpTheHill,la Estrella,63000.00,0.00,0.00,,,,,,,,,,,,,,,,,7000.00,,,,,,,,,,,,,,,,,,7000.00,,,,,,,,,,,,,,,,,,,,,0.00,,,,,,,,,,,,,,,,10500.00,,,,,,,,20500.00,,,,,,63000.00
23-Feb-26,los_dos,Brando,Brisas,la Estrella,46125.00,0.00,0.00,,,,,,,,,,,,,,,,,,,,,,,,,,,,,,,,,,,0.00,,,,,,,,,,,,,,,,,,,,,0.00,,,,,,,,,,,,,,,,,,,4900.00,,,,,7040.00,14000.00,,,,,46125.00
23-Feb-27,los_dos,Brando,Brisas,la Estrella,30560.00,14000.00,0.00,,,,,,,,,,,,,3600.00,,,,,,,,,,,,,,,,,,,,,,3600.00,,,,,,,,2200.00,,750.00,920.00,950.00,,1140.00,3000.00,,,,,,8960.00,,,,,,,,,,,,,,,,,,,,,,,,,,,,,,16560.00
23-Feb-27,los_dos,Brando,DeUno,la Estrella,23109.00,5190.00,0.00,,,,,,,,,,,,,,,,,,,,,,,,,,,,,,,,,,,0.00,,,,,,,,,,,,,,,,,,,,,0.00,,,,,,,,,,,,,,,,,,,,,,,,5190.00,,,,150.00,4291.00,17919.00
23-Feb-28,Brando,Brando,F&S,la Estrella,132300.00,70000.00,0.00,,,,,,,,,,,15500.00,,,,,11500.00,51000.00,,10000.00,,,,,,,,,,,,,,,,88000.00,,,,,,,,,,,,,,,,,,,,,0.00,,,,,,,,,,,,,,,,10000.00,,,,,,,,,,,,,11856.00,62300.00
23-Mar-02,Brando,Brando,DeUno,la Estrella,47570.00,5190.00,0.00,,,,,,,,,,,,,,,,,,,,,,,,,,,,,,,,,,,0.00,,,,,,,,,,,,,,,,,,,,,0.00,,,,,,,,,,,,,,,,,,,,,,,,12080.00,19980.00,,,150.00,7585.00,42380.00
23-Mar-01,Brando,Brando,Brisas,la Estrella,17900.00,14100.00,0.00,,,,,,,,14100.00,,,,,,,,,,,,,,,,,,,,,,,,,,,0.00,,,,,,,,,,,,,,,,,,,,,0.00,,,,,,,,,,,,,,,,,,,,,3800.00,,,,,,,,,3800.00
23-Mar-03,Brando,Brando,Brisas,la Estrella,18190.00,0.00,0.00,,,,,,,,,,,,,2400.00,,,,,,,,,,,,,,,,,,,,,,2400.00,,,,,,,,2000.00,,500.00,1100.00,,,1140.00,3600.00,,,,,,8340.00,,,,,,,,,,,,,,,,,,,,,,,,,,,,,,18190.00
23-Mar-05,Brando,Brando,Brisas,la Estrella,38700.00,7400.00,0.00,,,,,,,,4700.00,,,,,,,,,,,,,,,,,,,,,,,,,,,0.00,,,,,,,,,,,,,,,,,,,,,0.00,,,,,,,,,,,,,,,,3000.00,,,,,,,,16000.00,,,,,,31300.00
23-Mar-06,Brando,Brando,Brisas,la Estrella,19500.00,0.00,0.00,,,,,,,,,,,,,,,,,,,,,,,,,,,,,,,,,,,0.00,,,,,,,,,,,,,,,,,,,,,0.00,,,,,,,,,19500.00,,,,,,,,,,,,,,,,,,,,,19500.00
23-Mar-06,los_dos,Brando,MerkePaisa,la Estrella,34711.00,0.00,0.00,,,,,,,,,,,,212.00,,,,,,,,,,,,,,4520.00,,2217.00,,2285.00,,,,14151.00,23385.00,,,,,,,,,,,,,,,,,,,,,0.00,,,,,,,,,,,,,,,,,,,,,,,,,,,,,519.00,34711.00
23-Mar-09,Brando,Brando,TuSuper,la Estrella,86694.00,52800.00,0.00,,,,,,,35800.00,,,,,1957.00,,,,,,,,,,3600.00,3800.00,,,,,437.00,,1400.00,,,,,11194.00,,,,,,5900.00,,,,,,,,,,,,,,,5900.00,,,,,,,,,,,,,,,,,,,,,,,,,,,,,8079.00,33894.00
23-Mar-10,Brando,Brando,Brisas,la Estrella,16900.00,0.00,0.00,,,,,,,,,,,,,,3800.00,,,,,,,,,,,,,,,,2880.00,,,,,6680.00,,,,,,,720.00,1600.00,,,,,,1900.00,4000.00,,,,5200.00,,13420.00,,,,,,,,,,,,2520.00,4200.00,,,,,,4900.00,,,,,,,,,,,16900.00
23-Mar-14,Brando,Vane,Brisas,la Estrella,29480.00,0.00,0.00,,,,,,,,,,,,,,,,,,,,,,,,,,,,,,,,,,,0.00,,,,,,,,,,,,,,,,,,,,,0.00,,,,,,,,,,,,,,,,,,,,,,,,,2200.00,,,,,29480.00
23-Mar-14,Brando,Brando,Brisas,la Estrella,24400.00,24400.00,0.00,,,,,,,,17400.00,,,,,,,,,,,,,,,,,,,,,,,,,,,0.00,,,,,,,,,,,,,,,,,,,,,0.00,,,,,,,,,,,,,,,,,,,,,,,,,,,,,,0.00
23-Mar-17,Brando,Brando,TuSuper,la Estrella,107339.00,9500.00,0.00,,,,,,,9500.00,,,,,1957.00,3053.00,,,,,,,,,3600.00,,3800.00,,,,,,3094.00,,,,6008.00,21512.00,1658.00,,,6500.00,,,,4800.00,,,,,,,,,,,,,11300.00,5000.00,,,,,,,,,,,,,,,,,,,,10800.00,,,,,,,,5173.00,97839.00
23-Mar-24,Brando,Brando,Brisas,la Estrella,12160.00,0.00,0.00,,,,,,,,,,,,,,,,,,,,,,,,,,,,,,,,,,,0.00,,,,,,,540.00,1800.00,,920.00,1800.00,,,,2600.00,,,,1500.00,,9160.00,,,,,,,,,,,,,,,,,,,,,3800.00,,,,,,,,,12160.00
23-Mar-22,los_dos,Brando,F&S,la Estrella,189700.00,67500.00,0.00,,,,,,,9500.00,,,,15500.00,,,,,11500.00,51000.00,,,,,,,,,,,,,,,,,,78000.00,,,,,,,,,,,,,,,,,,,,,0.00,,,,,,,,,,,,,,,,17300.00,,,,,,,,27500.00,,,,400.00,18471.00,122200.00
23-Mar-27,Brando,Brando,UpTheHill,la Estrella,10500.00,0.00,0.00,,,,,,,,,,,,,,,,,,,,,,,,,,,,,,,,,,,0.00,,,,,,,,,,,,,,,,,,,,,0.00,,,,,,,,,,,,,,,,10500.00,,,,,,,,,,,,,,10500.00
23-Mar-22,los_dos,Brando,Brisas,la Estrella,21600.00,0.00,0.00,,,,,,,,,,,,,,,,,,,,,,,,,,,,,,,,,,,0.00,,,,,,,,,,,,,,,,,,,,,0.00,,,,,,,,,19500.00,,,,,,,,,,,,,,,,,,,,,21600.00
23-Mar-23,Brando,Brando,Brisas,la Estrella,11600.00,0.00,0.00,,,,,,,,11600.00,,,,,,,,,,,,,,,,,,,,,,,,,,,0.00,,,,,,,,,,,,,,,,,,,,,0.00,,,,,,,,,,,,,,,,,,,,,,,,,,,,,,11600.00
23-Mar-27,Brando,Brando,MerkePaisa,la Estrella,38988.00,9000.00,0.00,,,,,,,,,,,,,4011.00,,,,,,12050.00,,,6474.00,,4884.00,,,,2569.00,,,,,,,29988.00,,,,,,,,,,,,,,,,,,,,,0.00,,,,,,,,,,,,,,,,,,,,,,,,,,,,,,29988.00
23-Mar-28,Brando,Brando,Brisas,la Estrella,21120.00,8400.00,0.00,,,,,,,,8400.00,,,,,,,,,,,,,,,,,,,,,,4320.00,,,,,4320.00,,,,,,,,,,,,,,,,,,,,,0.00,,,,,,,,,,,,,8400.00,,,,,,,,,,,,,,,,,12720.00
23-Mar-30,Brando,Brando,Brisas,la Estrella,12675.00,7100.00,0.00,,,,,,,,,,,,,,,,,,,,,,,,,,,,,,,,,,,0.00,,,,,,,,1200.00,,1200.00,,,,1675.00,1600.00,,,,,,5675.00,,,,,,,,,,,,,,,,,,,,,,,,,,,,,,5575.00
23-Apr-02,los_dos,Brando,Brisas,la Estrella,68940.00,1500.00,0.00,,,,,,,,5800.00,,,,,,,,,,,,,,,,,,,,,,1760.00,,,,,1760.00,,,,,,,,,,,,,,,,,,,2080.00,,2080.00,,,,,,,,,,,,,,,,,,,,,,,,5900.00,,,,,,67440.00
23-Apr-03,Brando,Brando,Exito,Sabaneta,39600.00,0.00,0.00,,,,,,,,,,,,,,,,,,,,,,,,,,,,,,,,,,,0.00,,,,,,,,,,,,,,,,,,,,,0.00,,,,,,,,,,,,,,,,,,,,,,,,,,,,,,39600.00
23-Apr-04,Brando,Brando,TuSuper,la Estrella,28200.00,28200.00,0.00,,,,,,,28200.00,,,,,,,,,,,,,,,,,,,,,,,,,,,,0.00,,,,,,,,,,,,,,,,,,,,,0.00,,,,,,,,,,,,,,,,,,,,,,,,,,,,,,0.00
23-Apr-13,Brando,Brando,Brisas,la Estrella,28330.00,4100.00,0.00,,,,,,,,5800.00,,,,,,,,,,,,,,,,,,,,,,,,,,,0.00,,,,,,,600.00,,,1000.00,4600.00,,,1575.00,1400.00,,,,1220.00,,10395.00,,,,,,,,,,,,5200.00,4200.00,,,,,,,,,,,,,,,,,24230.00
23-Apr-14,Brando,Brando,Brisas,la Estrella,16400.00,12000.00,0.00,,,,,,,,,,,,,,,,,,,,,,,,,,,,,,,,,,,0.00,,,,,,,,,,,,,,,,,,,,,0.00,,,,,,,,,,,,,,,,,,,,,,12000.00,,4400.00,,,,,,4400.00
23-Apr-14,los_dos,Vane,TuSuper,la Estrella,94213.00,0.00,0.00,,,,,,,17900.00,,,,,3600.00,,,,,,,,,,3200.00,,2800.00,,,,,,,,,,1344.00,10944.00,,,,,,,,,,,,,,,,,,,,,0.00,,,,,,,,,,,,,,,,,,,,,,,,2800.00,5400.00,,,,,94213.00
23-Apr-14,los_dos,Vane,Brisas,la Estrella,46180.00,0.00,0.00,,,,,,,,11600.00,,,,,,,,,,,,,,,,,,,,,,,,,,,0.00,,,,,,,,900.00,,,,,,,,,,,2080.00,,2980.00,,,,,,,,11600.00,19500.00,,,,,,,,,,,,,,,,,,,,,46180.00